﻿<?xml version="1.0"?>
<doc>
<assembly>
<name>
Lot-Number
</name>
</assembly>
<members>
<member name="T:WindowsApplication1.LotDBDataSet.TblLOGDataTable">
	<summary>
Represents the strongly named DataTable class.
</summary>
</member><member name="T:WindowsApplication1.LotDBDataSet.TblLOTDataTable">
	<summary>
Represents the strongly named DataTable class.
</summary>
</member><member name="T:WindowsApplication1.LotDBDataSet.TblLOTDetailDataTable">
	<summary>
Represents the strongly named DataTable class.
</summary>
</member><member name="T:WindowsApplication1.LotDBDataSet.TblLOGRow">
	<summary>
Represents strongly named DataRow class.
</summary>
</member><member name="T:WindowsApplication1.LotDBDataSet.TblLOTRow">
	<summary>
Represents strongly named DataRow class.
</summary>
</member><member name="T:WindowsApplication1.LotDBDataSet.TblLOTDetailRow">
	<summary>
Represents strongly named DataRow class.
</summary>
</member><member name="T:WindowsApplication1.LotDBDataSet.TblLOGRowChangeEvent">
	<summary>
Row event argument class
</summary>
</member><member name="T:WindowsApplication1.LotDBDataSet.TblLOTRowChangeEvent">
	<summary>
Row event argument class
</summary>
</member><member name="T:WindowsApplication1.LotDBDataSet.TblLOTDetailRowChangeEvent">
	<summary>
Row event argument class
</summary>
</member><member name="T:WindowsApplication1.LotDBDataSet">
	<summary>
Represents a strongly typed in-memory cache of data.
</summary>
</member><member name="T:WindowsApplication1.LotDBDataSetTableAdapters.TblLOGTableAdapter">
	<summary>
Represents the connection and commands used to retrieve and save data.
</summary>
</member><member name="T:WindowsApplication1.LotDBDataSetTableAdapters.TblLOTTableAdapter">
	<summary>
Represents the connection and commands used to retrieve and save data.
</summary>
</member><member name="T:WindowsApplication1.LotDBDataSetTableAdapters.TblLOTDetailTableAdapter">
	<summary>
Represents the connection and commands used to retrieve and save data.
</summary>
</member><member name="M:WindowsApplication1.LotDBDataSetTableAdapters.TableAdapterManager.UpdateUpdatedRows(WindowsApplication1.LotDBDataSet,System.Collections.Generic.List{System.Data.DataRow},System.Collections.Generic.List{System.Data.DataRow})">
	<summary>
Update rows in top-down order.
</summary>
</member><member name="M:WindowsApplication1.LotDBDataSetTableAdapters.TableAdapterManager.UpdateInsertedRows(WindowsApplication1.LotDBDataSet,System.Collections.Generic.List{System.Data.DataRow})">
	<summary>
Insert rows in top-down order.
</summary>
</member><member name="M:WindowsApplication1.LotDBDataSetTableAdapters.TableAdapterManager.UpdateDeletedRows(WindowsApplication1.LotDBDataSet,System.Collections.Generic.List{System.Data.DataRow})">
	<summary>
Delete rows in bottom-up order.
</summary>
</member><member name="M:WindowsApplication1.LotDBDataSetTableAdapters.TableAdapterManager.GetRealUpdatedRows(System.Data.DataRow[],System.Collections.Generic.List{System.Data.DataRow})">
	<summary>
Remove inserted rows that become updated rows after calling TableAdapter.Update(inserted rows) first
</summary>
</member><member name="M:WindowsApplication1.LotDBDataSetTableAdapters.TableAdapterManager.UpdateAll(WindowsApplication1.LotDBDataSet)">
	<summary>
Update all changes to the dataset.
</summary>
</member><member name="T:WindowsApplication1.LotDBDataSetTableAdapters.TableAdapterManager.UpdateOrderOption">
	<summary>
Update Order Option
</summary>
</member><member name="T:WindowsApplication1.LotDBDataSetTableAdapters.TableAdapterManager.SelfReferenceComparer">
	<summary>
Used to sort self-referenced table's rows
</summary>
</member><member name="T:WindowsApplication1.LotDBDataSetTableAdapters.TableAdapterManager">
	<summary>
TableAdapterManager is used to coordinate TableAdapters in the dataset to enable Hierarchical Update scenarios
</summary>
</member><member name="P:WindowsApplication1.My.Resources.Resources.ResourceManager">
	<summary>
  Returns the cached ResourceManager instance used by this class.
</summary>
</member><member name="P:WindowsApplication1.My.Resources.Resources.Culture">
	<summary>
  Overrides the current thread's CurrentUICulture property for all
  resource lookups using this strongly typed resource class.
</summary>
</member><member name="T:WindowsApplication1.My.Resources.Resources">
	<summary>
  A strongly-typed resource class, for looking up localized strings, etc.
</summary>
</member>
</members>
</doc>